{
    "accuracy": 0.5949612403100775,
    "precision_macro": 0.6662096841041607,
    "recall_macro": 0.6383369764502431,
    "f1_macro": 0.6395492067795203
}